<?xml version="1.0" encoding="UTF-8" standalone="no"?>
<entities>
    <entity>
        <entity-name>com.sap.cloud.sample.persistence.Raspberry</entity-name>
        <entity-width>120</entity-width>
        <entity-height>128</entity-height>
        <entity-X-Coordinate>260</entity-X-Coordinate>
        <entity-Y-Coordinate>220</entity-Y-Coordinate>
        <primary-collapsed>false</primary-collapsed>
        <relation-collapsed>false</relation-collapsed>
        <basic-collapsed>false</basic-collapsed>
    </entity>
</entities>