<core:FragmentDefinition
  xmlns="sap.m"
  xmlns:l="sap.ui.layout"
  xmlns:core="sap.ui.core">	
  <l:VerticalLayout width="100%">
      <HBox>      
      <Image
          src="{
			        path: 'SoId',
					formatter: 'sap.ui.Cordova.app.util.Formatter.imageText'
				}"
          width="30px" height="30px" />
      <Text text="{SoId}"></Text>    
      </HBox>
    <l:content>
      <Text text="Approver Comments" width="100%">
      </Text>
       <TextArea  width="100%"></TextArea>
    </l:content>
  </l:VerticalLayout>
</core:FragmentDefinition>